2634,FW-1804,JR420071490
2635,FW-1805,JR420071508
2636,FW-1806,JR420071516
2637,FW-1807,JR420071524
2638,FW-1808,JR420071532
2639,FW-1809,JR420071540
2640,FW-1810,JR420071557
2641,FW-1811,JR420071565
2642,FW-1813,JR420071623
2643,FW-231,JR420074676
2644,FW-232,JR420074684
2645,FW-233,JR420074692
2646,FW-234,JR420074700
2647,FW-235,JR420074718
2648,FW-236,JR420074726
2649,FW-237,JR420074734
2650,FW-239,JR420074742
2651,FW-240,JR420074759
2652,FW-324,JR420074767
2653,FW-326,JR420074775
2654,FW-327,JR420074783
2655,FW-329,JR420074791
2656,FW-330,JR420074809
2657,FW-332,JR420074817
2658,FW-333,JR420074825
2659,FW-334,JR420074833
2660,FW-335,JR420074841
2661,FW-336,JR420074858
2662,FW-337,JR420074866
2663,FW-338,JR420074874
2664,FW-340,JR420074882
2665,FW-342,JR420074890
2666,FW-501,JR420074908
2667,FW-502,JR420074916
2668,FW-510,JR420074924
2669,FW-521,JR420074932
2670,FW-522,JR420074940
2671,FW-606H,JR420074957
2672,FW-607H,JR420074965
2673,FW-608H,JR420074973
2674,FW-609H,JR420074981
2675,FW-612,JR420074999
2676,FW-613,JR420075004
2677,FW-614,JR420075012
2678,FW-616,JR420075020
2679,FW-617,JR420075038
2680,FW-618,JR420075046
2681,FW-619,JR420075053
2682,FW-625,JR420075061
2683,FW-627,JR420075079
2684,FW-639,JR420075087
2685,FW-640,JR420075095
2686,FW-641,JR420075103
2687,FW-642,JR420075111
2688,FW-643,JR420075129
2689,FW-646,JR420075137
2690,FW-647,JR420075145
2691,FW-648,JR420075152
2692,FW-649,JR420075160
2693,FW-650,JR420075178
2694,FW-651,JR420075186
2695,FW-653,JR420075194
2696,FW-655,JR420075202
2697,FW-656,JR420075210
2698,FW-677,JR420075228
2699,FW-7001,JR420075467
2700,FW-7004,JR420075475
2701,FW-7006,JR420075483
2702,FW-7007,JR420075491
2703,FW-7008,JR420075509
2704,FW-7009,JR420075517
2705,FW-7011,JR420075525
2706,FW-7013,JR420075533
2707,FW-7014,JR420075541
2708,FW-7015,JR420075558
2709,FW-7016,JR420075566
2710,FW-7017,JR420075574
2711,FW-7018,JR420075582
2712,FW-788,JR420075236
2713,FW-789,JR420075244
2714,FW-791,JR420075251
2715,FW-795,JR420075269
2716,FW-796,JR420075277
2717,FW-799,JR420075285
2718,FW-886,JR420075293
2719,FW-887,JR420075301
2720,FW-888,JR420075319
2721,FW-889,JR420075327
2722,GE-923,JR420047920
2723,GE-924,JR420047938
2724,GE-923,JR420065104
2725,GE-924,JR420065112
2726,HG-1201,JR420069833
2727,HG-1202,JR420069841
2728,HG-1203,JR420069858
2729,HG-1204,JR420069874
2730,HG-1205,JR420069882
2731,HG-1206,JR420069890
2732,HG-1201,JR420071730
2733,HG-1202,JR420071748
2734,HG-1203,JR420071755
2735,HG-1204,JR420071763
2736,HG-1205,JR420071771
2737,HG-1206,JR420071789
2738,LE-010,JR420085912
2739,LE-018,JR420081622
2740,LE-1104,JR420060196
2741,LE-1105,JR420060204
2742,LE-1106,JR420085938
2743,LE-1171,JR420069312
2744,LE-1172,JR420069320
2745,LE-1173,JR420069338
2746,LE-128,JR420070468
2747,LE-129,JR420070476
2748,LE-137,JR420070484
2749,LE-367,JR420070492
2750,LE-517,JR420085946
2751,LE-701,JR420081630
2752,LE-702,JR420081648
2753,LE-703,JR420085953
2754,LE-741,JR420048183
2755,LE-742,JR420048191
2756,LE-782,JR420081655
2757,LE-783,JR420053951
2758,LE-010,JR420065146
2759,LE-018,JR420065179
2760,LE-1104,JR420065187
2761,LE-1105,JR420065195
2762,LE-1106,JR420065203
2763,LE-1108,JR420065229
2764,LE-1109,JR420065237
2765,LE-1110,JR420065245
2766,LE-1171,JR420071219
2767,LE-1172,JR420071227
2768,LE-1173,JR420071235
2769,LE-128,JR420065260
2770,LE-129,JR420065278
2771,LE-137,JR420065286
2772,LE-367,JR420065294
2773,LE-517,JR420065310
2774,LE-701,JR420065344
2775,LE-702,JR420058950
2776,LE-703,JR420059891
2777,LE-741,JR420065351
2778,LE-742,JR420065369
2779,LE-782,JR420065393
2780,LE-783,JR420059909
2781,LW-1081,JR420081671
2782,LW-1083,JR420059982
2783,LW-1084,JR420059990
2784,LW-1085,JR420060006
2785,LW-1081,JR420065419
2786,LW-1083,JR420065435
2787,LW-1084,JR420065443
2788,LW-1085,JR420065450
2789,LE-1108,JR420060238
2790,LE-1109,JR420060246
2791,LE-1110,JR420060253
2792,ME-1174,JR420069346
2793,ME-1175,JR420069353
2794,ME-1176,JR420069361
2795,ME-1434,JR420060303
2796,ME-1435,JR420070286
2797,ME-147,JR420048266
2798,ME-148,JR420048274
2799,ME-377,JR420048282
2800,ME-379,JR420056897
2801,ME-380,JR420056905
2802,ME-388,JR420048290
2803,ME-391,JR420048308
2804,ME-396,JR420048316
2805,ME-431,JR420053266
2806,ME-432,JR420070260
2807,ME-433,JR420070278
2808,ME-486,JR420048324
2809,ME-536,JR420081713
2810,ME-904,JR420048373
2811,ME-1174,JR420071243
2812,ME-1175,JR420071250
2813,ME-1176,JR420071268
2814,ME-1434,JR420061293
2815,ME-1435,JR420061301
2816,ME-147,JR420058968
2817,ME-148,JR420057713
2818,ME-377,JR420057721
2819,ME-379,JR420065500
2820,ME-380,JR420065518
2821,ME-388,JR420065526
2822,ME-391,JR420065534
2823,ME-396,JR420057739
2824,ME-431,JR420065542
2825,ME-432,JR420065559
2826,ME-433,JR420065567
2827,ME-486,JR420057762
2828,ME-536,JR420057770
2829,ME-904,JR420058075
2830,MW-1177,JR420071276
2831,MW-776,JR420065609
2832,MW-777,JR420059008
2833,MW-1177,JR420069379
2834,MW-776,JR420051799
2835,MW-777,JR420051807
2836,RS-1189,JR420069486
2837,RS-1190,JR420069494
2838,RS-1191,JR420069502
2839,RS-1192,JR420069510
2840,RS-1193,JR420069528
2841,RS-1194,JR420069536
2842,RS-1189,JR420071383
2843,RS-1190,JR420071391
2844,RS-1191,JR420071409
2845,RS-1192,JR420071417
2846,RS-1193,JR420071425
2847,RS-1194,JR420071433
2848,PC-1178,JR420069387
2849,PC-1179,JR420069395
2850,PC-1180,JR420069403
2851,PC-1181,JR420069411
2852,PC-491,JR420085961
2853,PC-672,JR420085979
2854,PC-754,JR420085987
2855,PC-758,JR420085995
2856,PC-760,JR420048779
2857,PC-1178,JR420071284
2858,PC-1179,JR420071292
2859,PC-1180,JR420071300
2860,PC-1181,JR420071318
2861,PC-491,JR420065773
2862,PC-672,JR420065781
2863,PC-754,JR420065823
2864,PC-758,JR420057853
2865,PC-760,JR420065849
2866,PS-022,JR420073967
2867,PS-022,JR420076762
2868,PS-027,JR420073975
2869,PS-027,JR420076770
2870,PS-031,JR420073983
2871,PS-031,JR420076788
2872,PS-034,JR420073991
2873,PS-034,JR420076796
2874,PS-042,JR420074007
2875,PS-042,JR420076804
2876,PS-048,JR420074015
2877,PS-048,JR420076812
2878,PS-073,JR420074023
2879,PS-073,JR420076820
2880,PS-074,JR420074031
2881,PS-074,JR420076838
2882,PS-075,JR420074049
2883,PS-075,JR420076846
2884,PS-090,JR420074056
2885,PS-090,JR420076853
2886,PS-091,JR420074064
2887,PS-091,JR420076861
2888,PS-093,JR420074072
2889,PS-093,JR420076879
2890,PS-096,JR420074080
2891,PS-096,JR420076887
2892,PS-1005,JR420074619
2893,PS-1005,JR420077414
2894,PS-1008,JR420074627
2895,PS-1008,JR420077422
2896,PS-1009,JR420074635
2897,PS-1009,JR420077430
2898,PS-1010,JR420074643
2899,PS-1010,JR420077448
2900,PS-106,JR420074098
2901,PS-106,JR420076895
2902,PS-107,JR420086001
2903,PS-107,JR420076903
2904,PS-110,JR420074114
2905,PS-110,JR420076911
2906,PS-112,JR420074122
2907,PS-112,JR420076929
2908,PS-116,JR420074130
2909,PS-116,JR420076937
2910,PS-1183,JR420068801
2911,PS-1183,JR420070757
2912,PS-1184,JR420069437
2913,PS-1184,JR420071334
2914,PS-1185,JR420069445
2915,PS-1185,JR420071342
2916,PS-1186,JR420069452
2917,PS-1186,JR420071359
2918,PS-1187,JR420069460
2919,PS-1187,JR420071367
2920,PS-1188,JR420069478
2921,PS-1188,JR420071375
2922,PS-121,JR420074148
2923,PS-121,JR420076945
2924,PS-132,JR420074155
2925,PS-132,JR420076952
2926,PS-134,JR420074163
2927,PS-134,JR420076960
2928,PS-135,JR420074171
2929,PS-135,JR420076978
2930,PS-139,JR420074189
2931,PS-139,JR420076986
2932,PS-140,JR420074197
2933,PS-140,JR420076994
2934,PS-141,JR420074205
2935,PS-141,JR420077000
2936, PS-1440,JR420091670
2937,PS-151,JR420074213
2938,PS-151,JR420077018
2939,PS-280,JR420074221
2940,PS-280,JR420077026
2941,PS-281,JR420074239
2942,PS-281,JR420077034
2943,PS-292,JR420074247
2944,PS-292,JR420077042
2945,PS-293,JR420074254
2946,PS-293,JR420077059
2947,PS-294,JR420074262
2948,PS-294,JR420077067
2949,PS-503,JR420074270
2950,PS-503,JR420077075
2951,PS-504,JR420074288
2952,PS-504,JR420077083
2953,PS-506,JR420074296
2954,PS-506,JR420077091
2955,PS-539,JR420074304
2956,PS-539,JR420077109
2957,PS-665,JR420074312
2958,PS-665,JR420077117
2959,PS-668,JR420074320
2960,PS-668,JR420077125
2961,PS-713,JR420074338
2962,PS-713,JR420077133
2963,PS-719,JR420074346
2964,PS-719,JR420077141
2965,PS-721,JR420074353
2966,PS-721,JR420077158
2967,PS-885,JR420074361
2968,PS-885,JR420077166
2969,PS-900,JR420074379
2970,PS-900,JR420077174
2971,PS-910,JR420074387
2972,PS-910,JR420077182
2973,PS-912,JR420074395
2974,PS-912,JR420077190
2975,PS-914,JR420074403
2976,PS-914,JR420077208
2977,PS-917,JR420074411
2978,PS-917,JR420077216
2979,PS-920,JR420074429
2980,PS-920,JR420077224
2981,PS-948,JR420074437
2982,PS-948,JR420077232
2983,PS-949,JR420074445
2984,PS-949,JR420077240
2985,PS-950,JR420074452
2986,PS-950,JR420077257
2987,PS-952,JR420074460
2988,PS-952,JR420077265
2989,PS-954,JR420074478
2990,PS-954,JR420077273
2991,PS-955,JR420079303
2992,PS-955,JR420077281
2993,PS-957,JR420074494
2994,PS-957,JR420077299
2995,PS-959,JR420074502
2996,PS-959,JR420077307
2997,PS-959SR,JR420074510
2998,PS-959SR,JR420077315
2999,PS-971,JR420074528
3000,PS-971,JR420077323
3001,PS-975,JR420074536
3002,PS-975,JR420077331
3003,PS-976,JR420074544
3004,PS-976,JR420077349
3005,PS-980,JR420074551
3006,PS-980,JR420077356
3007,PS-982,JR420074569
3008,PS-982,JR420077364
3009,PS-983,JR420074577
3010,PS-983,JR420077372
3011,PS-992,JR420074585
3012,PS-992,JR420077380
3013,PS-998,JR420074593
3014,PS-998,JR420077398
3015,PS-999,JR420074601
3016,PS-999,JR420077406
3017,PT-345,JR420081747
3018,PT-346,JR420081754
3019,PT-347,JR420081762
3020,PT-735,JR420081770
3021,DPF-100,JR420015950
3022,DPF-100,JR420063679
3023,ST-1195,JR420069544
3024,ST-440,JR420070575
3025,ST-442,JR420070583
3026,ST-526,JR420086035
3027,ST-553,JR420081820
3028,ST-555,JR420081838
3029,ST-556,JR420081846
3030,ST-557,JR420081853
3031,ST-736,JR420081861
3032,ST-737,JR420086043
3033,ST-1195,JR420071441
3034,ST-440,JR420066987
3035,ST-442,JR420066995
3036,ST-526,JR420067019
3037,ST-553,JR420067027
3038,ST-555,JR420067035
3039,ST-556,JR420067043
3040,ST-557,JR420067050
3041,ST-736,JR420067068
3042,ST-737,JR420067076
3043,FE-801,JR420080988
3044,FE-804,JR420080996
3045,FE-805,JR420081002
3046,FE-813,JR420081010
3047,FE-801,JR420063950
3048,FE-804,JR420063976
3049,FE-805,JR420063984
3050,FE-813,JR420057580
3051,PWF-500 WH,JR420074650
3052,WH-111 WHI,JR420074668
3053,PWF-500MG ,JR420070716
3054,PWF-500MG ,JR420070724
3055,PWF-500MG ,JR420070732
3056,WG-1041,JR420081879
3057,WG-1042,JR420086050
3058,WG-1043,JR420081887
3059,WG-1044,JR420081895
3060,WG-1046,JR420081903
3061,WG-1047,JR420081911
3062,WG-1048,JR420081929
3063,WG-1049,JR420081937
3064,WG-1050,JR420086068
3065,WG-1052,JR420081945
3066,WG-1056,JR420073793
3067,WG-1057,JR420081952
3068,WG-1058,JR420073819
3069,WG-1063,JR420081960
3070,WG-1064,JR420081978
3071,WG-1066,JR420081986
3072,WG-1067,JR420081994
3073,WG-1069,JR420073868
3074,WG-1070,JR420082018
3075,WG-1071,JR420082026
3076,WG-1140,JR420069015
3077,WG-1141,JR420069023
3078,WG-1142,JR420069031
3079,WG-1143,JR420069049
3080,WG-1144,JR420069056
3081,WG-1145H,JR420069825
3082,WG-1146,JR420069064
3083,WG-1147,JR420069072
3084,WG-1148,JR420069080
3085,WG-115,JR420072795
3086,WG-1196,JR420070666
3087,WG-1362,JR420090870
3088,WG-156,JR420072803
3089,WG-157,JR420082034
3090,WG-159,JR420082042
3091,WG-166,JR420082059
3092,WG-1812,JR420069676
3093,WG-1814,JR420069692
3094,WG-1815,JR420069700
3095,WG-1816,JR420069718
3096,WG-1817,JR420069684
3097,WG-1818,JR420069734
3098,WG-242,JR420082067
3099,WG-243,JR420082075
3100,WG-244,JR420082083
3101,WG-245,JR420082091
3102,WG-246,JR420082109
3103,WG-247,JR420082117
3104,WG-248,JR420082125
3105,WG-250,JR420072910
3106,WG-251,JR420082133
3107,WG-254,JR420086076
3108,WG-256,JR420082141
3109,WG-304,JR420072951
3110,WG-364,JR420072977
3111,WG-364GN,JR420082158
3112,WG-372,JR420072985
3113,WG-373,JR420072993
3114,WG-376,JR420082166
3115,WG-408,JR420082174
3116,WG-410,JR420073025
3117,WG-411,JR420073033
3118,WG-416,JR420082182
3119,WG-417,JR420082190
3120,WG-428,JR420082208
3121,WG-430,JR420073074
3122,WG-453,JR420073082
3123,WG-467,JR420073090
3124,WG-477,JR420082216
3125,WG-478,JR420082224
3126,WG-624,JR420086100
3127,WG-629,JR420073132
3128,WG-657,JR420082232
3129,WG-658,JR420082240
3130,WG-659,JR420082257
3131,WG-660,JR420082265
3132,WG-662,JR420082273
3133,WG-663,JR420082281
3134,WG-664,JR420082299
3135,WG-693,JR420073215
3136,WG-694,JR420082307
3137,WG-695,JR420073231
3138,WG-696,JR420082315
3139,WG-697,JR420082323
3140,WG-698,JR420082331
3141,WG-699,JR420082349
3142,WG-7019,JR420086118
3143,WG-7022,JR420082356
3144,WG-7023,JR420082364
3145,WG-7024,JR420082372
3146,WG-7025,JR420086126
3147,WG-7029,JR420082380
3148,WG-7033,JR420082398
3149,WG-705,JR420073280
3150,WG-707,JR420073298
3151,WG-709,JR420082406
3152,WG-763,JR420086134
3153,WG-763GN,JR420086142
3154,WG-765,JR420086159
3155,WG-765GN,JR420086167
3156,WG-766,JR420073355
3157,WG-767,JR420073363
3158,WG-831,JR420082414
3159,WG-832,JR420082422
3160,WG-833,JR420082430
3161,WG-835,JR420082448
3162,WG-836,JR420086183
3163,WG-837,JR420073421
3164,WG-839,JR420082463
3165,WG-841,JR420082471
3166,WG-845,JR420082489
3167,WG-846,JR420082497
3168,WG-854,JR420082505
3169,WG-855,JR420082513
3170,WG-856,JR420086191
3171,WG-857,JR420073504
3172,WG-860,JR420082521
3173,WG-862,JR420082539
3174,WG-863,JR420082547
3175,WG-865,JR420082554
3176,WG-866,JR420082562
3177,WG-877,JR420086209
3178,WG-878,JR420086217
3179,WG-879,JR420073587
3180,WG-880,JR420073595
3181,WG-940,JR420082570
3182,WG-941,JR420082588
3183,WG-943,JR420082596
3184,WG-944,JR420082604
3185,WG-946,JR420082612
3186,WG-947,JR420082620
3187,WG-960,JR420082638
3188,WG-962,JR420082646
3189,WG-964,JR420073686
3190,WG-1041,JR420076499
3191,WG-1042,JR420076507
3192,WG-1043,JR420076515
3193,WG-1044,JR420076523
3194,WG-1046,JR420076531
3195,WG-1047,JR420076549
3196,WG-1048,JR420076556
3197,WG-1049,JR420076564
3198,WG-1050,JR420076572
3199,WG-1052,JR420076580
3200,WG-1056,JR420076598
3201,WG-1057,JR420076606
3202,WG-1058,JR420076614
3203,WG-1063,JR420076622
3204,WG-1064,JR420076630
3205,WG-1066,JR420076648
3206,WG-1067,JR420076655
3207,WG-1069,JR420076663
3208,WG-1070,JR420076671
3209,WG-1071,JR420076689
3210,WG-1140,JR420070914
3211,WG-1141,JR420070922
3212,WG-1142,JR420070930
3213,WG-1143,JR420070948
3214,WG-1144,JR420070955
3215,WG-1145,JR420071722
3216,WG-1146,JR420070963
3217,WG-1147,JR420070971
3218,WG-1148,JR420070989
3219,WG-115,JR420075590
3220,WG-1196,JR420071797
3221,WG-156,JR420075608
3222,WG-157,JR420075616
3223,WG-159,JR420075624
3224,WG-166,JR420075632
3225,WG-1812,JR420071573
3226,WG-1814,JR420071599
3227,WG-1815,JR420071607
3228,WG-1816,JR420071615
3229,WG-1817,JR420071581
3230,WG-1818,JR420071631
3231,WG-242,JR420075640
3232,WG-243,JR420075657
3233,WG-244,JR420075665
3234,WG-245,JR420075673
3235,WG-246,JR420075681
3236,WG-247,JR420075699
3237,WG-248,JR420075707
3238,WG-250,JR420075715
3239,WG-251,JR420075723
3240,WG-254,JR420075731
3241,WG-256,JR420075749
3242,WG-304,JR420075756
3243,WG-364,JR420075772
3244,WG-364G,JR420075764
3245,WG-372,JR420075780
3246,WG-373,JR420075798
3247,WG-376,JR420075806
3248,WG-408,JR420075814
3249,WG-410,JR420075822
3250,WG-411,JR420075830
3251,WG-416,JR420075848
3252,WG-417,JR420075855
3253,WG-428,JR420075863
3254,WG-430,JR420075871
3255,WG-453,JR420075889
3256,WG-467,JR420075897
3257,WG-477,JR420075905
3258,WG-478,JR420075913
3259,WG-624,JR420075921
3260,WG-629,JR420075939
3261,WG-657,JR420075947
3262,WG-658,JR420075954
3263,WG-659,JR420075962
3264,WG-660,JR420075970
3265,WG-662,JR420075988
3266,WG-663,JR420075996
3267,WG-664,JR420076002
3268,WG-693,JR420076010
3269,WG-694,JR420076028
3270,WG-695,JR420076036
3271,WG-696,JR420076044
3272,WG-697,JR420076051
3273,WG-698,JR420076069
3274,WG-699,JR420076077
3275,WG-7019,JR420076697
3276,WG-7022,JR420076705
3277,WG-7023,JR420076713
3278,WG-7024,JR420076721
3279,WG-7025,JR420076739
3280,WG-7029,JR420076747
3281,WG-7033,JR420076754
3282,WG-705,JR420076085
3283,WG-707,JR420076093
3284,WG-709,JR420076101
3285,WG-763,JR420076119
3286,WG-763G,JR420076127
3287,WG-765,JR420076135
3288,WG-765G,JR420076143
3289,WG-766,JR420076150
3290,WG-767,JR420076168
3291,WG-831,JR420076176
3292,WG-832,JR420076184
3293,WG-833,JR420076192
3294,WG-835,JR420076200
3295,WG-836,JR420076218
3296,WG-837,JR420076226
3297,WG-839,JR420076234
3298,WG-841,JR420076242
3299,WG-845,JR420076259
3300,WG-846,JR420076267
3301,WG-854,JR420076275
3302,WG-855,JR420076283
3303,WG-856,JR420076291
3304,WG-857,JR420076309
3305,WG-860,JR420076317
3306,WG-862,JR420076325
3307,WG-863,JR420076333
3308,WG-865,JR420076341
3309,WG-866,JR420076358
3310,WG-877,JR420076366
3311,WG-878,JR420076374
3312,WG-879,JR420076382
3313,WG-880,JR420076390
3314,WG-940,JR420076408
3315,WG-941,JR420076416
3316,WG-943,JR420076424
3317,WG-944,JR420076432
3318,WG-946,JR420076440
3319,WG-947,JR420076457
3320,WG-960,JR420076465
3321,WG-962,JR420076473
3322,WG-964,JR420076481
3323,162 EP A,GR200107195
3324,162 EP B (BLACK),GR200107179
3325,136 (WHITE),GR200107963
3326,MCU 125,GR200103038
3327,AG 845 A,GR200116121
3328,AG 845 B (CLEAR),GR200116113
3329,UV 840 A,GR200115727
3330,UV 840 B (WHITE),GR200122186
3331,665 (WHITE),GR200105066
3332,PRIMER 656,GR200105454
3333,AW 654 ,MS900100126
3334,AW 654 (WHITE),GR200104960
3335,2400,GR200134942
3336,2400,GR200134959
3337,RS 820 (LIGHT GREY),GR200121030
3338,SP 810 A,GR200111213
3339,SP 810 B,GR200111239
3340, 854 A,GR200111320
3341, 854 B,GR200111338
3342,EG 503,GR200121741
3343,EG 513,GR200120313
3344,FG 512 (MID GREY),GR200120446
3345,SS 441 PASTE,GR200122038
3346,SS 441 FLUID,GR200122095
3347, FILM SH2CL-P,JR451043558
3348, FILM SH2CL-P,JR451041883
3349, SH2BKAP (STRIP,JR451040331
3350, SH2BKAP (STRIP,JR451041289
3351, SH2BKST (BLACK,JR451040323
3352, SH2BKST (BLACK,JR451041271
3353, SH2CL (CLEAR),JR451043566
3354, SH2CL (CLEAR),JR451043574
3355, SH2CLAR (CLEAR,JR451041677
3356, SH2CLAR (CLEAR,JR451041685
3357, SH2CLAR (CLEAR,JR451041693
3358, SH2CSAS (ASTRA,JR451038970
3359, SH2CSAS (ASTRA,JR451039994
3360, SH2CSNK (NOKTO,JR451039002
3361, SH2CSNK (NOKTO,JR451040026
3362, SH2CSPN (PRISM,JR451038988
3363, SH2CSPN (PRISM,JR451040000
3364, SH2CSPS (PRISM,JR451038996
3365, SH2CSPS (PRISM,JR451040018
3366, SH2CSRD (RADIU,JR451038962
3367, SH2CSRD (RADIU,JR451039986
3368, SH2DGST (SEATT,JR451040349
3369, SH2DGST (SEATT,JR451041297
3370, SH2DGST-F (SEA,JR451041206
3371, SH2DGST-F (SEA,JR451041321
3372, SH2EMCH (CHAMO,JR451037709
3373, SH2EMCH (CHAMO,JR451039150
3374, SH2EMES (ESSEN,JR451037717
3375, SH2EMES (ESSEN,JR451039168
3376, SH2EMLA (LAUSA,JR451037733
3377, SH2EMLA (LAUSA,JR451037725
3378, SH2EMLA (LAUSA,JR451039176
3379, SH2EMOS (OSLO),JR451037741
3380, SH2EMOS (OSLO),JR451037758
3381, SH2EMOS (OSLO),JR451039184
3382, SH2EMOS-P (OSL,JR451041222
3383, SH2EMOS-P (OSL,JR451041875
3384, SH2FGAP (ARPA),JR451037766
3385, SH2FGAP (ARPA),JR451039192
3386, SH2FGAR (AERIN,JR451038087
3387, SH2FGAR (AERIN,JR451039424
3388, SH2FGAT (ALTAI,JR451037774
3389, SH2FGAT (ALTAI,JR451039200
3390, SH2FGCE (CIELO,JR451038137
3391, SH2FGCE (CIELO,JR451039473
3392, SH2FGFN (FINE),JR451037790
3393, SH2FGFN (FINE),JR451039226
3394, SH2FGIM (ILUMI,JR451037808
3395, SH2FGIM (ILUMI,JR451039234
3396, SH2FGIM-G (GRA,JR451038897
3397, SH2FGIM-G (GRA,JR451039911
3398, SH2FGIM-P (ILU,JR451041214
3399, SH2FGIM-P (ILU,JR451041867
3400, SH2FGKN (KANON,JR451041198
3401, SH2FGKN (KANON,JR451041313
3402, SH2FGLN (FABRI,JR451038954
3403, SH2FGLN (FABRI,JR451039978
3404, SH2FGLO (LONTA,JR451038947
3405, SH2FGLO (LONTA,JR451039960
3406, SH2FGLS (LEISE,JR451037816
3407, SH2FGLS (LEISE,JR451039242
3408, SH2FGLT (LATTI,JR451038095
3409, SH2FGLT (LATTI,JR451039432
3410, SH2FGLT-G (LAT,JR451038913
3411, SH2FGLT-G (LAT,JR451039937
3412, SH2FGLU (LUCE),JR451037824
3413, SH2FGLU (LUCE),JR451039259
3414, SH2FGPR (PARAC,JR451038111
3415, SH2FGPR (PARAC,JR451039457
3416, SH2FGPX (PIXEL,JR451038103
3417, SH2FGPX (PIXEL,JR451039440
3418, SH2FGRB (ROBE),JR451042097
3419, SH2FGRB (ROBE),JR451042295
3420, SH2FGSK (SHIZU,JR451041107
3421, SH2FGSK (SHIZU,JR451041305
3422, SH2FGSL (SLAT),JR451038129
3423, SH2FGSL (SLAT),JR451039465
3424, SH2FGSL-G (BOR,JR451038921
3425, SH2FGSL-G (BOR,JR451039945
3426, SH2FGST (SHUTI,JR451037840
3427, SH2FGST (SHUTI,JR451039275
3428, SH2FGTG (GRADA,JR451038939
3429, SH2FGTG (GRADA,JR451039952
3430, SH2FGVG (VEGA),JR451037857
3431, SH2FGVG (VEGA),JR451039283
3432, SH2FGVI (VISTA,JR451037865
3433, SH2FGVI (VISTA,JR451039291
3434, SH2FGVN (VENET,JR451042089
3435, SH2FGVN (VENET,JR451042287
3436, SH2FNCR (FINE ,JR451037873
3437, SH2FNCR (FINE ,JR451039309
3438, SH2MACR-I (MAT,JR451037881
3439, SH2MACR-I (MAT,JR451039317
3440, SH2MACRX2 (MAT,JR451039689
3441, SH2MACRX2 (MAT,JR451039325
3442, SH2MAGL (GURAT,JR451038905
3443, SH2MAGL (GURAT,JR451039929
3444, SH2MAML (MILKY,JR451044002
3445, SH2MAML (MILKY,JR451043988
3446, SH2MAML (MILKY,JR451043996
3447, SH2MAML (MILKY,JR451039333
3448, SH2MAMM (MILKY,JR451037949
3449, SH2MAMM (MILKY,JR451037931
3450, SH2MAMM (MILKY,JR451039341
3451, SH2MAOW (OPAQU,JR451042816
3452, SH2MAOW (OPAQU,JR451039358
3453, SH2MLCRX (MILK,JR451041479
3454, SH2MLCRX (MILK,JR451041859
3455, SH2PCA9 (AURA ,JR451037964
3456, SH2PCA9 (AURA ,JR451039366
3457, SH2PCL6 (LUNA ,JR451037972
3458, SH2PCL6 (LUNA ,JR451039374
3459, SH2PCL9 (LUNA ,JR451037980
3460, SH2PCL9 (LUNA ,JR451039382
3461, SH2PTRK (RIKYU,JR451037998
3462, SH2PTRK (RIKYU,JR451039390
3463, SH2PTSA (SAGAN,JR451042303
3464, SH2PTSA (SAGAN,JR451039408
3465, SH2PTYA (YAMAT,JR451038012
3466, SH2PTYA (YAMAT,JR451039416
3467,7725-314,75346639133
3468,7725-323,75346857305
3469,7725-324,75346639141
3470,7725-326,75346857313
3471,7725-327,75346857321
3472,7725-331,75346776349
3473,SC 5525C 314 ,DR500013039
3474,SC 5525C-324 ,DR500012338
3476,SH7CLARL,GT500016354
3477,PR EXT 40,70006662913
3478,PR EXT 40,70006662442
3479,PR EXT 40,70006662947
3480,PR EXT 70,70006662905
3481,PR EXT 70,70006662434
3482,PR EXT 70,70006662939
3483,PR EXT 90,70006662897
3484,PR EXT 90,70006662889
3485,PR EXT 90,70006662921
3486,CRYSTALLINE 60,70006349974
3487,CRYSTALLINE 70,70006349834
3488,COLORSTABLE 35,70006437076
3489,SCOTCHSHIELD 5,70006683455
3490,SCOTCHSHIELD 20,70006683448
3491,SCOTCHSHIELD 35,70006683430
3492,SCOTCHSHIELD 50,70006683422
3493,SCOTCHSHIELD CLEAR,70006683604
3495,P18ARL,70071315900
3496,PRESTIGE40,70006349032
3497,PRESTIGE40,70006349495
3498,PRESTIGE50,70006349065
3499,PRESTIGE60,70006349099
3500,PRESTIGE70,70006349586
3501,PRESTIGE70,70006349008
3502,RE50NEARL,70006106267
3503,RE70NEARL,70006125036
3504,CERAMIC 30,70006661030
3505,CERAMIC 30,70006661048
3506,CERAMIC 30,70006663770
3507,NV15,70006437142
3508,NV15,70006437159
3509,NV15,70006437175
3510,NV25,70006437183
3511,NV35,70006437233
3512,NV35,70006437241
3513,UCS,70006663572
3514,UCS,70006663754
3515,DICHROIC,70006685294
3516,DICHROIC,70006685419
3517,AMBER LOW E35,70006252988
3518,SAFETY S20 EXT,70006685385
3519,SAFETY S40 EXT,70006685468
3520,SAFETY S70 EXT,70006685484
3521,S35NEAR400,70006343738
3522,ULTRAPR50,70006349347
3523,ULTRAPR70,70006349362
3524,ULTRAPR70,70006349370
3525,ULTRA SCOTCHSHIELD 600,70006686193
3526,ULTRA SCOTCHSHIELD 600,70006686227
3527,ULTRA SCOTCHSHIELD 600,70006686243
3528,ULTRA SCOTCHSHIELD 600,70006686235
3529,W100 ,70006719523
3530,W200 ,70006719531
3536,C22,78802879144
3537,C23,78802879243
3538,C25,78811730304
3539,H-12,78805486640
3540,H128,70950128010
3541,H-130,70950130016
3542,H-133,78801569621
3543,H180,78811730270
3544,H183,78806074726
3545,H192,78806939845
3546,HB900,78811409719
3547,HB903,78811409677
3548,HR-80,70006702172
3549,M77,78801412921
3550,M900,78806939985
3551,M920,78806939027
3552,M96,78804230916
3553,P400,78802882569
3554,P56,78805486152
3555,S63,70950063001
3556,S867,70006403656
3557,S867,70006403664
3558,S867,70006404530
3559,TBC50,TBC50
3560,TBC50H,TBC50H
3561,TBC50HW,TBC50HW
3562,TBC50HX,TBC50HX
3563,TBC50LH,TBC50LH
3564,TBC50LH/AIR,TBC50LH/AIR
3565,TBC50R,TBC50R
3566,TBC50S,TBC50S
3567,TBC50SH,TBC50SH
3568,TBC52RT,TBC52RT
3569,TBC53R,TBC53R
3570,TBC55SHK,TBC55SHK
3571,TBC55SK,TBC55SK
3572,TBC552L,TBC552L
3573,TBC553L (NEW),TBC553L (NEW)
3574,TBC-554L (NEW),TBC-554L (NEW)
3575,TBC-555L (NEW),TBC-555L (NEW)
3576,TBCFEEDER (TFD-92M),TBCFEEDER (TFD-92M)
3577,TFD250,TFD250
3578,ZCM1500W,ZCM1500W
3579,ZCM2500,ZCM2500
3580,TDA025B (NEW FOR 2013),TDA025B (NEW FOR 2013)
3581,TDA080*,TDA080*
3582,TDA080-LAM,TDA080-LAM
3583,TDA080-LR,TDA080-LR
3584,TDA080-M (NEW),TDA080-M (NEW)
3585,TDA080-NM,TDA080-NM
3586,TDA080-NM-NS,TDA080-NM-NS
3587,TDA080-NS,TDA080-NS
3588,TDA150 (UPDATED),TDA150 (UPDATED)
3589,TDA150-M (NEW),TDA150-M (NEW)
3590,TDA150-NM,TDA150-NM
3591,TDA150-NS,TDA150-NS
3592,ZCM0800 (BATTERY ONLY),ZCM0800 (BATTERY ONLY)
3593,ZCM0800-WT (100-220V),ZCM0800-WT (100-220V)
3594,ZCM0900 (BATTERY ONLY),ZCM0900 (BATTERY ONLY)
3595,ZCM0900-WT (100-220V),ZCM0900-WT (100-220V)
3596,ZCM1000,ZCM1000
3597,ZCM1000B,ZCM1000B
3598,ZCM1000C,ZCM1000C
3599,ZCM1000D,ZCM1000D
3600,ZCM1000E,ZCM1000E
3601,ZCM1000K,ZCM1000K
3602,ZCM1000NM*,ZCM1000NM*
3603,ZCM1000NS (NEW),ZCM1000NS (NEW)
3604,ZCM1000T,ZCM1000T
3605,ZCM1100,ZCM1100
3606,ZCM1100B,ZCM1100B
3607,ZCM1100K,ZCM1100K
3608,ZCM1100NM*,ZCM1100NM*
3609,ZCM1100NS (NEW),ZCM1100NS (NEW)
3610,ZCM2000,ZCM2000
3611,ZCM2000B,ZCM2000B
3612,ZCM2000C,ZCM2000C
3613,ZCM2000E,ZCM2000E
3614,ZCM2000K,ZCM2000K
3615,ZCM2000NM*,ZCM2000NM*
3616,ZCM2000T,ZCM2000T
3617,ZCM2200,ZCM2200
3618,ZCM2200B,ZCM2200B
3619,ZCM2200K,ZCM2200K
3620,ZCM2200NM*,ZCM2200NM*
3621,ZCM3000,ZCM3000
3622,LD2000V (100-240V),LD2000V (100-240V)
3623,LD5000 (= TO LD6025),LD5000 (= TO LD6025)
3624,LD5100 (= TO LD6050),LD5100 (= TO LD6050)
3625,LD6025 (NEW),LD6025 (NEW)
3626,LD6050 (NEW),LD6050 (NEW)
3627,LD6100*** (NEW),LD6100*** (NEW)
3628,LDX6025 (NEW),LDX6025 (NEW)
3629,LDX6050 (NEW),LDX6050 (NEW)
3630,LDX6100*** (NEW),LDX6100*** (NEW)
3631,LD5500,LD5500
3632,LD5500SS,LD5500SS
3633,LD7000 (= TO LDX6050),LD7000 (= TO LDX6050)
3634,LD7500,LD7500
3635,LD7500SS***,LD7500SS***
3636,DC6050*,DC6050*
3637,LAB01,LAB01
3638,LDHANGTAB,LDHANGTAB
3639,LR4500*,LR4500*
3640,TDA080-PS,TDA080-PS